{
  "id": "/subscriptions/6e2413e8-7165-4ebb-aeb5-82a63fe1c9c9/resourceGroups/zubby22/providers/Microsoft.Resources/deployments/CreateVm-canonical.0001-com-ubuntu-server-focal-2-20211119152017",
  "name": "CreateVm-canonical.0001-com-ubuntu-server-focal-2-20211119152017",
  "type": "Microsoft.Resources/deployments",
  "tags": {
    "primaryResourceId": "/subscriptions/6e2413e8-7165-4ebb-aeb5-82a63fe1c9c9/resourcegroups/zubby22/providers/Microsoft.Compute/virtualMachines/zubbycloud",
    "marketplaceItemId": "canonical.0001-com-ubuntu-server-focal20_04-lts-ARM",
    "provisioningHash": "SolutionProvider"
  },
  "properties": {
    "templateHash": "2700822515805900324",
    "parameters": {
      "location": {
        "type": "String",
        "value": "southafricanorth"
      },
      "networkInterfaceName": {
        "type": "String",
        "value": "zubbycloud196"
      },
      "enableAcceleratedNetworking": {
        "type": "Bool",
        "value": true
      },
      "networkSecurityGroupName": {
        "type": "String",
        "value": "zubbycloud-nsg"
      },
      "networkSecurityGroupRules": {
        "type": "Array",
        "value": [
          {
            "name": "SSH",
            "properties": {
              "priority": 300,
              "protocol": "TCP",
              "access": "Allow",
              "direction": "Inbound",
              "sourceAddressPrefix": "*",
              "sourcePortRange": "*",
              "destinationAddressPrefix": "*",
              "destinationPortRange": "22"
            }
          }
        ]
      },
      "subnetName": {
        "type": "String",
        "value": "default"
      },
      "virtualNetworkName": {
        "type": "String",
        "value": "zubby22-vnet"
      },
      "addressPrefixes": {
        "type": "Array",
        "value": [
          "10.0.0.0/16"
        ]
      },
      "subnets": {
        "type": "Array",
        "value": [
          {
            "name": "default",
            "properties": {
              "addressPrefix": "10.0.0.0/24"
            }
          }
        ]
      },
      "publicIpAddressName": {
        "type": "String",
        "value": "zubbycloud-ip"
      },
      "publicIpAddressType": {
        "type": "String",
        "value": "Dynamic"
      },
      "publicIpAddressSku": {
        "type": "String",
        "value": "Basic"
      },
      "virtualMachineName": {
        "type": "String",
        "value": "zubbycloud"
      },
      "virtualMachineComputerName": {
        "type": "String",
        "value": "zubbycloud"
      },
      "virtualMachineRG": {
        "type": "String",
        "value": "zubby22"
      },
      "osDiskType": {
        "type": "String",
        "value": "Premium_LRS"
      },
      "virtualMachineSize": {
        "type": "String",
        "value": "Standard_DS1_v2"
      },
      "adminUsername": {
        "type": "String",
        "value": "zubby22"
      },
      "adminPassword": {
        "type": "SecureString"
      }
    },
    "mode": "Incremental",
    "debugSetting": {
      "detailLevel": "None"
    },
    "provisioningState": "Succeeded",
    "timestamp": "2021-11-19T14:59:00.7251694Z",
    "duration": "PT1M8.3976969S",
    "correlationId": "d872d948-177a-4eaa-bd15-2671246ca9e6",
    "providers": [
      {
        "namespace": "Microsoft.Network",
        "resourceTypes": [
          {
            "resourceType": "networkInterfaces",
            "locations": [
              "southafricanorth"
            ]
          },
          {
            "resourceType": "networkSecurityGroups",
            "locations": [
              "southafricanorth"
            ]
          },
          {
            "resourceType": "virtualNetworks",
            "locations": [
              "southafricanorth"
            ]
          },
          {
            "resourceType": "publicIpAddresses",
            "locations": [
              "southafricanorth"
            ]
          }
        ]
      },
      {
        "namespace": "Microsoft.Compute",
        "resourceTypes": [
          {
            "resourceType": "virtualMachines",
            "locations": [
              "southafricanorth"
            ]
          }
        ]
      }
    ],
    "dependencies": [
      {
        "dependsOn": [
          {
            "id": "/subscriptions/6e2413e8-7165-4ebb-aeb5-82a63fe1c9c9/resourceGroups/zubby22/providers/Microsoft.Network/networkSecurityGroups/zubbycloud-nsg",
            "resourceType": "Microsoft.Network/networkSecurityGroups",
            "resourceName": "zubbycloud-nsg"
          },
          {
            "id": "/subscriptions/6e2413e8-7165-4ebb-aeb5-82a63fe1c9c9/resourceGroups/zubby22/providers/Microsoft.Network/virtualNetworks/zubby22-vnet",
            "resourceType": "Microsoft.Network/virtualNetworks",
            "resourceName": "zubby22-vnet"
          },
          {
            "id": "/subscriptions/6e2413e8-7165-4ebb-aeb5-82a63fe1c9c9/resourceGroups/zubby22/providers/Microsoft.Network/publicIpAddresses/zubbycloud-ip",
            "resourceType": "Microsoft.Network/publicIpAddresses",
            "resourceName": "zubbycloud-ip"
          }
        ],
        "id": "/subscriptions/6e2413e8-7165-4ebb-aeb5-82a63fe1c9c9/resourceGroups/zubby22/providers/Microsoft.Network/networkInterfaces/zubbycloud196",
        "resourceType": "Microsoft.Network/networkInterfaces",
        "resourceName": "zubbycloud196"
      },
      {
        "dependsOn": [
          {
            "id": "/subscriptions/6e2413e8-7165-4ebb-aeb5-82a63fe1c9c9/resourceGroups/zubby22/providers/Microsoft.Network/networkInterfaces/zubbycloud196",
            "resourceType": "Microsoft.Network/networkInterfaces",
            "resourceName": "zubbycloud196"
          }
        ],
        "id": "/subscriptions/6e2413e8-7165-4ebb-aeb5-82a63fe1c9c9/resourceGroups/zubby22/providers/Microsoft.Compute/virtualMachines/zubbycloud",
        "resourceType": "Microsoft.Compute/virtualMachines",
        "resourceName": "zubbycloud"
      }
    ],
    "outputs": {
      "adminUsername": {
        "type": "String",
        "value": "zubby22"
      }
    },
    "outputResources": [
      {
        "id": "/subscriptions/6e2413e8-7165-4ebb-aeb5-82a63fe1c9c9/resourceGroups/zubby22/providers/Microsoft.Compute/virtualMachines/zubbycloud"
      },
      {
        "id": "/subscriptions/6e2413e8-7165-4ebb-aeb5-82a63fe1c9c9/resourceGroups/zubby22/providers/Microsoft.Network/networkInterfaces/zubbycloud196"
      },
      {
        "id": "/subscriptions/6e2413e8-7165-4ebb-aeb5-82a63fe1c9c9/resourceGroups/zubby22/providers/Microsoft.Network/networkSecurityGroups/zubbycloud-nsg"
      },
      {
        "id": "/subscriptions/6e2413e8-7165-4ebb-aeb5-82a63fe1c9c9/resourceGroups/zubby22/providers/Microsoft.Network/publicIpAddresses/zubbycloud-ip"
      },
      {
        "id": "/subscriptions/6e2413e8-7165-4ebb-aeb5-82a63fe1c9c9/resourceGroups/zubby22/providers/Microsoft.Network/virtualNetworks/zubby22-vnet"
      }
    ],
    "validationLevel": "Template"
  }
}