[
  {
    "id": "/subscriptions/6e2413e8-7165-4ebb-aeb5-82a63fe1c9c9/resourceGroups/zubby22/providers/Microsoft.Resources/deployments/CreateVm-canonical.0001-com-ubuntu-server-focal-2-20211119152017/operations/D68EC3D252BB6298",
    "operationId": "D68EC3D252BB6298",
    "properties": {
      "provisioningOperation": "Create",
      "provisioningState": "Succeeded",
      "timestamp": "2021-11-19T14:59:00.60126Z",
      "duration": "PT33.6658927S",
      "trackingId": "110e46dd-780e-45f0-ac54-b79775214d39",
      "serviceRequestId": "df614cb3-d3fd-4f04-ad36-91d854c0ff29",
      "statusCode": "OK",
      "targetResource": {
        "id": "/subscriptions/6e2413e8-7165-4ebb-aeb5-82a63fe1c9c9/resourceGroups/zubby22/providers/Microsoft.Compute/virtualMachines/zubbycloud",
        "resourceType": "Microsoft.Compute/virtualMachines",
        "resourceName": "zubbycloud"
      }
    }
  },
  {
    "id": "/subscriptions/6e2413e8-7165-4ebb-aeb5-82a63fe1c9c9/resourceGroups/zubby22/providers/Microsoft.Resources/deployments/CreateVm-canonical.0001-com-ubuntu-server-focal-2-20211119152017/operations/409863AA561D456F",
    "operationId": "409863AA561D456F",
    "properties": {
      "provisioningOperation": "Create",
      "provisioningState": "Succeeded",
      "timestamp": "2021-11-19T14:58:26.9053891Z",
      "duration": "PT3.4343381S",
      "trackingId": "111f3459-300b-4aec-a225-7418a4629b7a",
      "serviceRequestId": "22738ef4-a204-4584-8e4b-a000db180860",
      "statusCode": "Created",
      "targetResource": {
        "id": "/subscriptions/6e2413e8-7165-4ebb-aeb5-82a63fe1c9c9/resourceGroups/zubby22/providers/Microsoft.Network/networkInterfaces/zubbycloud196",
        "resourceType": "Microsoft.Network/networkInterfaces",
        "resourceName": "zubbycloud196"
      }
    }
  },
  {
    "id": "/subscriptions/6e2413e8-7165-4ebb-aeb5-82a63fe1c9c9/resourceGroups/zubby22/providers/Microsoft.Resources/deployments/CreateVm-canonical.0001-com-ubuntu-server-focal-2-20211119152017/operations/23B60B71447B5755",
    "operationId": "23B60B71447B5755",
    "properties": {
      "provisioningOperation": "Create",
      "provisioningState": "Succeeded",
      "timestamp": "2021-11-19T14:58:20.9030223Z",
      "duration": "PT24.919938S",
      "trackingId": "404743e8-2839-4b03-8903-d70b71990943",
      "serviceRequestId": "af27214a-5ab3-48f0-a038-4d6ab56899b3",
      "statusCode": "OK",
      "targetResource": {
        "id": "/subscriptions/6e2413e8-7165-4ebb-aeb5-82a63fe1c9c9/resourceGroups/zubby22/providers/Microsoft.Network/virtualNetworks/zubby22-vnet",
        "resourceType": "Microsoft.Network/virtualNetworks",
        "resourceName": "zubby22-vnet"
      }
    }
  },
  {
    "id": "/subscriptions/6e2413e8-7165-4ebb-aeb5-82a63fe1c9c9/resourceGroups/zubby22/providers/Microsoft.Resources/deployments/CreateVm-canonical.0001-com-ubuntu-server-focal-2-20211119152017/operations/EB2DC09968891C7A",
    "operationId": "EB2DC09968891C7A",
    "properties": {
      "provisioningOperation": "Create",
      "provisioningState": "Succeeded",
      "timestamp": "2021-11-19T14:58:23.4329066Z",
      "duration": "PT8.4203794S",
      "trackingId": "cd6b633d-dd13-4513-b775-d29e4902c658",
      "serviceRequestId": "6ce46002-1d70-4e37-829b-d2d714cd315f",
      "statusCode": "OK",
      "targetResource": {
        "id": "/subscriptions/6e2413e8-7165-4ebb-aeb5-82a63fe1c9c9/resourceGroups/zubby22/providers/Microsoft.Network/networkSecurityGroups/zubbycloud-nsg",
        "resourceType": "Microsoft.Network/networkSecurityGroups",
        "resourceName": "zubbycloud-nsg"
      }
    }
  },
  {
    "id": "/subscriptions/6e2413e8-7165-4ebb-aeb5-82a63fe1c9c9/resourceGroups/zubby22/providers/Microsoft.Resources/deployments/CreateVm-canonical.0001-com-ubuntu-server-focal-2-20211119152017/operations/C680E4A2DF90C050",
    "operationId": "C680E4A2DF90C050",
    "properties": {
      "provisioningOperation": "Create",
      "provisioningState": "Succeeded",
      "timestamp": "2021-11-19T14:58:20.9032134Z",
      "duration": "PT5.8906862S",
      "trackingId": "44dbb766-0435-4cd6-b5ae-b831ef6e9bc9",
      "serviceRequestId": "b30a1a79-2f55-4518-8cd4-49b2244a4dd0",
      "statusCode": "OK",
      "targetResource": {
        "id": "/subscriptions/6e2413e8-7165-4ebb-aeb5-82a63fe1c9c9/resourceGroups/zubby22/providers/Microsoft.Network/publicIpAddresses/zubbycloud-ip",
        "resourceType": "Microsoft.Network/publicIpAddresses",
        "resourceName": "zubbycloud-ip"
      }
    }
  },
  {
    "id": "/subscriptions/6e2413e8-7165-4ebb-aeb5-82a63fe1c9c9/resourceGroups/zubby22/providers/Microsoft.Resources/deployments/CreateVm-canonical.0001-com-ubuntu-server-focal-2-20211119152017/operations/08585642730131502095",
    "operationId": "08585642730131502095",
    "properties": {
      "provisioningOperation": "EvaluateDeploymentOutput",
      "provisioningState": "Succeeded",
      "timestamp": "2021-11-19T14:59:00.7008389Z",
      "duration": "PT33.7654716S",
      "trackingId": "1087a0ea-9546-4902-88f6-a6fc959f6a48",
      "statusCode": "OK"
    }
  }
]